Type,Name,Request Count,Failure Count,Median Response Time,Average Response Time,Min Response Time,Max Response Time,Average Content Size,Requests/s,Failures/s,50%,66%,75%,80%,90%,95%,98%,99%,99.9%,99.99%,100%
GET,/numericalintegralservice/0/3.14159,23,0,74000.0,77901.99330017393,29669.134331999885,137792.53307199906,143.0,0.13060851173936855,0.0,74000,76000,77000,78000,112000,126000,138000,138000,138000,138000,138000
,Aggregated,23,0,74000.0,77901.99330017393,29669.134331999885,137792.53307199906,143.0,0.13060851173936855,0.0,74000,76000,77000,78000,112000,126000,138000,138000,138000,138000,138000
