Type,Name,Request Count,Failure Count,Median Response Time,Average Response Time,Min Response Time,Max Response Time,Average Content Size,Requests/s,Failures/s,50%,66%,75%,80%,90%,95%,98%,99%,99.9%,99.99%,100%
GET,/numericalintegralservice/0/3.14159,1054,1054,280.0,302.517464536996,259.39488199946936,996.2547670002095,86.6584440227704,42.04783805284111,42.04783805284111,280,290,300,300,340,420,560,570,920,1000,1000
,Aggregated,1054,1054,280.0,302.517464536996,259.39488199946936,996.2547670002095,86.6584440227704,42.04783805284111,42.04783805284111,280,290,300,300,340,420,560,570,920,1000,1000
